{
    "model_path": "models/train/weights/best.pt",
    "data_yaml": "configs/data_test.yaml",
    "conf_threshold": 0.25,
    "iou_threshold": 0.45,
    "metrics": {
        "mAP50": 0.995,
        "mAP50-95": 0.9949999999999999,
        "precision": 1.0,
        "recall": 1.0,
        "f1": 1.0,
        "class_metrics": {
            "glioma": {
                "precision": 0.0,
                "recall": 0.0,
                "ap50": 0.995,
                "ap": 0.9949999999999999
            },
            "meningioma": {
                "precision": 0.0,
                "recall": 0.0,
                "ap50": 0.995,
                "ap": 0.9949999999999999
            },
            "notumor": {
                "precision": 0.0,
                "recall": 0.0,
                "ap50": 0.995,
                "ap": 0.9949999999999999
            },
            "pituitary": {
                "precision": 0.0,
                "recall": 0.0,
                "ap50": 0.995,
                "ap": 0.9949999999999999
            }
        }
    }
}