{
    "metrics/precision(B)": 0.8923014398332934,
    "metrics/recall(B)": 0.8879084940882186,
    "metrics/mAP50(B)": 0.9319372813078313,
    "metrics/mAP50-95(B)": 0.5899715916817734,
    "fitness": 0.6241681606443792
}